--
-- PostgreSQL database dump
--

SET statement_timeout = 0;
SET lock_timeout = 0;
SET client_encoding = 'UTF8';
SET standard_conforming_strings = on;
SET check_function_bodies = false;
SET client_min_messages = warning;

--
-- Name: plpgsql; Type: EXTENSION; Schema: -; Owner: 
--

CREATE EXTENSION IF NOT EXISTS plpgsql WITH SCHEMA pg_catalog;


--
-- Name: EXTENSION plpgsql; Type: COMMENT; Schema: -; Owner: 
--

COMMENT ON EXTENSION plpgsql IS 'PL/pgSQL procedural language';


SET search_path = public, pg_catalog;

SET default_tablespace = '';

SET default_with_oids = false;

--
-- Name: connections; Type: TABLE; Schema: public; Owner: postgres; Tablespace: 
--

CREATE TABLE connections (
    id integer NOT NULL,
    start_stop_id integer,
    end_stop_id integer,
    duration integer,
    line text
);


ALTER TABLE connections OWNER TO postgres;

--
-- Name: connections_id_seq; Type: SEQUENCE; Schema: public; Owner: postgres
--

CREATE SEQUENCE connections_id_seq
    START WITH 1
    INCREMENT BY 1
    NO MINVALUE
    NO MAXVALUE
    CACHE 1;


ALTER TABLE connections_id_seq OWNER TO postgres;

--
-- Name: connections_id_seq; Type: SEQUENCE OWNED BY; Schema: public; Owner: postgres
--

ALTER SEQUENCE connections_id_seq OWNED BY connections.id;


--
-- Name: product_parts; Type: TABLE; Schema: public; Owner: postgres; Tablespace: 
--

CREATE TABLE product_parts (
    id integer NOT NULL,
    name text,
    part_of_id integer,
    in_stock boolean,
    price double precision,
    shipping_time integer
);


ALTER TABLE product_parts OWNER TO postgres;

--
-- Name: product_parts_id_seq; Type: SEQUENCE; Schema: public; Owner: postgres
--

CREATE SEQUENCE product_parts_id_seq
    START WITH 1
    INCREMENT BY 1
    NO MINVALUE
    NO MAXVALUE
    CACHE 1;


ALTER TABLE product_parts_id_seq OWNER TO postgres;

--
-- Name: product_parts_id_seq; Type: SEQUENCE OWNED BY; Schema: public; Owner: postgres
--

ALTER SEQUENCE product_parts_id_seq OWNED BY product_parts.id;


--
-- Name: stops; Type: TABLE; Schema: public; Owner: postgres; Tablespace: 
--

CREATE TABLE stops (
    id integer NOT NULL,
    name text,
    zone integer
);


ALTER TABLE stops OWNER TO postgres;

--
-- Name: stops_id_seq; Type: SEQUENCE; Schema: public; Owner: postgres
--

CREATE SEQUENCE stops_id_seq
    START WITH 1
    INCREMENT BY 1
    NO MINVALUE
    NO MAXVALUE
    CACHE 1;


ALTER TABLE stops_id_seq OWNER TO postgres;

--
-- Name: stops_id_seq; Type: SEQUENCE OWNED BY; Schema: public; Owner: postgres
--

ALTER SEQUENCE stops_id_seq OWNED BY stops.id;


--
-- Name: id; Type: DEFAULT; Schema: public; Owner: postgres
--

ALTER TABLE ONLY connections ALTER COLUMN id SET DEFAULT nextval('connections_id_seq'::regclass);


--
-- Name: id; Type: DEFAULT; Schema: public; Owner: postgres
--

ALTER TABLE ONLY product_parts ALTER COLUMN id SET DEFAULT nextval('product_parts_id_seq'::regclass);


--
-- Name: id; Type: DEFAULT; Schema: public; Owner: postgres
--

ALTER TABLE ONLY stops ALTER COLUMN id SET DEFAULT nextval('stops_id_seq'::regclass);


--
-- Data for Name: connections; Type: TABLE DATA; Schema: public; Owner: postgres
--

COPY connections (id, start_stop_id, end_stop_id, duration, line) FROM stdin;
1104	507	508	1	1
1105	508	509	1	1
1106	509	510	3	1
1107	510	511	2	1
1108	511	512	2	1
1109	512	513	1	1
1110	513	514	4	1
1111	514	515	2	1
1112	507	508	1	2
1113	508	509	1	2
1114	509	516	4	2
1115	516	517	3	2
1116	517	518	2	2
1117	518	519	2	2
1118	519	520	1	2
1119	520	521	2	2
1120	521	522	2	2
1121	522	523	2	2
1122	524	525	0	3
1123	525	526	1	3
1124	526	527	2	3
1125	527	528	1	3
1126	528	529	1	3
1127	529	530	1	3
1128	530	531	1	3
1129	531	532	2	3
1130	532	533	1	3
1131	533	534	1	3
1132	534	535	2	3
1133	535	536	1	3
1134	536	537	1	3
1135	537	538	2	3
1136	538	539	1	3
1137	539	540	2	3
1138	540	516	1	3
1139	516	541	2	3
1140	541	542	2	3
1141	542	543	2	3
1142	544	545	0	4
1143	545	546	1	4
1144	546	547	1	4
1145	547	548	1	4
1146	548	549	1	4
1147	549	550	2	4
1148	550	551	1	4
1149	551	552	2	4
1150	552	553	1	4
1151	553	554	1	4
1152	554	555	1	4
1153	555	556	1	4
1154	556	557	1	4
1155	557	558	2	4
1156	558	559	1	4
1157	559	560	2	4
1158	560	561	1	4
1159	561	514	2	4
1160	514	515	2	4
1161	515	562	3	4
1162	562	563	2	4
1163	563	542	1	4
1164	542	564	3	4
1165	564	517	1	4
1166	517	518	3	4
1167	518	519	1	4
1168	519	520	1	4
1169	520	521	2	4
1170	521	522	2	4
1171	522	565	2	4
1172	565	566	1	4
1173	566	567	2	4
1174	567	568	2	4
1175	568	569	1	4
1176	569	570	1	4
1177	544	545	0	5
1178	545	546	1	5
1179	546	547	1	5
1180	547	548	1	5
1181	548	549	1	5
1182	549	550	2	5
1183	550	551	1	5
1184	551	552	2	5
1185	552	553	1	5
1186	553	554	1	5
1187	554	555	1	5
1188	555	556	1	5
1189	556	557	1	5
1190	557	558	2	5
1191	558	559	1	5
1192	559	560	2	5
1193	560	561	1	5
1194	561	513	5	5
1195	513	512	2	5
1196	512	511	1	5
1197	511	516	2	5
1198	516	540	3	5
1199	540	539	2	5
1200	539	538	2	5
1201	538	537	1	5
1202	537	536	1	5
1203	536	535	2	5
1204	535	534	1	5
1205	534	533	2	5
1206	533	532	1	5
1207	532	531	1	5
1208	531	530	1	5
1209	530	529	1	5
1210	529	528	1	5
1211	528	527	2	5
1212	527	526	1	5
1213	526	525	2	5
1214	525	524	0	5
1215	552	553	0	6
1216	553	554	1	6
1217	554	555	1	6
1218	555	556	1	6
1219	556	557	1	6
1220	557	558	2	6
1221	558	559	2	6
1222	559	560	1	6
1223	560	561	2	6
1224	561	514	1	6
1225	514	515	2	6
1226	515	562	3	6
1227	562	543	2	6
1228	543	512	2	6
1229	512	511	1	6
1230	511	516	2	6
1231	516	540	4	6
1232	540	539	1	6
1233	539	538	2	6
1234	538	537	1	6
1235	537	536	1	6
1236	536	535	2	6
1237	535	534	2	6
1238	534	533	1	6
1239	533	532	1	6
1240	532	531	1	6
1241	531	530	2	6
1242	530	529	0	6
1243	529	528	2	6
1244	528	527	1	6
1245	527	526	2	6
1246	526	525	1	6
1247	525	524	0	6
1248	543	512	2	8
1249	512	511	2	8
1250	511	516	2	8
1251	516	517	2	8
1252	517	518	3	8
1253	518	571	2	8
1254	571	572	2	8
1255	572	573	1	8
1256	573	574	1	8
1257	574	575	1	8
1258	575	576	2	8
1259	576	577	1	8
1260	577	578	1	8
1261	552	553	0	9
1262	553	554	1	9
1263	554	555	1	9
1264	555	556	1	9
1265	556	557	1	9
1266	557	558	2	9
1267	558	559	2	9
1268	559	560	1	9
1269	560	561	2	9
1270	561	513	4	9
1271	513	563	3	9
1272	563	542	1	9
1273	542	564	2	9
1274	564	517	2	9
1275	517	518	3	9
1276	518	571	2	9
1277	571	572	1	9
1278	572	573	2	9
1279	573	574	1	9
1280	574	575	1	9
1281	575	576	2	9
1282	576	577	1	9
1283	577	578	0	9
1284	579	580	0	33
1285	580	581	1	33
1286	581	582	1	33
1287	582	583	1	33
1288	583	584	1	33
1289	584	585	1	33
1290	585	558	1	33
1291	586	587	1	64
1292	587	588	1	64
1293	588	589	2	64
1294	589	508	2	64
1295	508	590	1	64
1296	590	540	2	64
1297	540	518	2	64
1298	518	591	2	64
1299	591	592	1	64
1300	592	593	1	64
1301	593	594	1	64
1302	594	595	2	64
1303	595	596	1	64
1304	596	597	1	64
1305	597	598	-7	64
1306	507	508	1	201
1307	508	590	1	201
1308	590	540	2	201
1309	540	518	2	201
1310	518	571	2	201
1311	571	599	2	201
1312	599	600	3	201
1313	600	601	1	201
1314	601	602	2	201
1315	602	603	1	201
1316	603	604	1	201
1317	604	605	1	201
1318	605	606	2	201
1319	606	607	1	201
1320	607	608	2	201
1321	608	609	1	201
1322	609	610	1	201
1323	610	611	2	201
1324	611	612	1	201
1325	612	613	2	201
1326	614	615	2	202
1327	615	616	1	202
1328	616	617	1	202
1329	617	618	1	202
1330	618	600	2	202
1331	600	601	1	202
1332	601	602	2	202
1333	602	603	1	202
1334	603	604	1	202
1335	604	605	1	202
1336	605	606	2	202
1337	606	607	1	202
1338	607	608	2	202
1339	608	609	1	202
1340	609	610	1	202
1341	610	611	2	202
1342	611	612	1	202
1343	612	613	2	202
1344	619	620	1	203
1345	620	621	0	203
1346	621	622	1	203
1347	622	623	1	203
1348	623	624	0	203
1349	624	625	1	203
1350	625	626	1	203
1351	626	627	1	203
1352	627	628	3	203
1353	628	629	2	203
1354	629	630	1	203
1355	630	631	2	203
1356	631	632	1	203
1357	632	633	2	203
1358	633	634	1	203
1359	634	635	1	203
1360	635	636	1	203
1361	597	637	0	204
1362	637	638	1	204
1363	638	639	2	204
1364	639	595	1	204
1365	595	594	2	204
1366	594	593	1	204
1367	593	592	1	204
1368	592	591	1	204
1369	591	518	2	204
1370	518	540	2	204
1371	540	590	2	204
1372	590	640	2	204
1373	640	589	1	204
1374	589	641	2	204
1375	641	642	1	204
1376	642	643	1	204
1377	643	644	1	204
1378	644	645	1	204
1379	645	646	3	204
1380	646	647	1	204
1381	597	637	0	205
1382	637	638	1	205
1383	638	639	2	205
1384	639	595	1	205
1385	595	594	2	205
1386	594	593	1	205
1387	593	592	1	205
1388	592	591	1	205
1389	591	571	2	205
1390	571	648	1	205
1391	648	649	2	205
1392	649	650	1	205
1393	650	651	2	205
1394	651	616	1	205
1395	616	652	2	205
1396	652	614	1	205
1397	653	654	0	206
1398	654	643	2	206
1399	643	642	1	206
1400	642	589	2	206
1401	589	640	2	206
1402	640	628	2	206
1403	628	655	2	206
1404	655	656	2	206
1405	656	615	2	206
1406	615	616	2	206
1407	657	658	1	207
1408	658	646	1	207
1409	646	647	1	207
1410	647	586	1	207
1411	586	587	1	207
1412	587	659	1	207
1413	659	619	1	207
1414	619	620	1	207
1415	620	621	1	207
1416	621	622	0	207
1417	622	623	1	207
1418	623	624	1	207
1419	624	625	0	207
1420	625	626	1	207
1421	626	627	1	207
1422	627	628	3	207
1423	628	655	1	207
1424	655	660	2	207
1425	660	661	2	207
1426	661	649	2	207
1427	649	650	1	207
1428	650	617	3	207
1429	617	618	1	207
1430	618	600	2	207
1431	600	662	1	207
1432	662	663	1	207
1433	663	664	1	207
1434	665	627	1	208
1435	627	628	2	208
1436	628	655	2	208
1437	655	656	2	208
1438	656	615	2	208
1439	615	616	2	208
1440	616	617	1	208
1441	617	618	1	208
1442	618	600	1	208
1443	600	601	2	208
1444	601	602	1	208
1445	602	666	1	208
1446	666	667	2	208
1447	667	668	0	208
1448	668	669	1	208
1449	669	670	1	208
1450	670	607	2	208
1451	671	672	0	209
1452	672	654	1	209
1453	654	643	2	209
1454	643	642	1	209
1455	642	589	2	209
1456	589	508	2	209
1457	508	590	1	209
1458	590	540	2	209
1459	540	518	1	209
1460	518	571	2	209
1461	571	599	2	209
1462	599	663	2	209
1463	663	664	1	209
1464	507	508	1	210
1465	508	590	1	210
1466	590	540	3	210
1467	540	673	2	210
1468	673	674	2	210
1469	674	616	1	210
1470	616	675	2	210
1471	675	676	2	210
1472	657	658	1	211
1473	658	645	2	211
1474	645	644	1	211
1475	644	654	2	211
1476	654	672	1	211
1477	672	671	1	211
1478	657	658	1	212
1479	658	645	2	212
1480	645	644	1	212
1481	644	643	2	212
1482	643	642	1	212
1483	642	589	2	212
1484	589	640	2	212
1485	640	628	2	212
1486	628	655	2	212
1487	655	660	1	212
1488	660	661	2	212
1489	661	648	3	212
1490	648	571	1	212
1491	571	591	2	212
1492	677	678	0	20
1493	678	679	1	20
1494	679	680	1	20
1495	680	681	1	20
1496	681	682	1	20
1497	682	683	1	20
1498	683	684	2	20
1499	684	685	1	20
1500	685	686	1	20
1501	686	687	1	20
1502	687	688	1	20
1503	688	689	1	20
1504	689	690	1	20
1505	690	691	1	20
1506	691	692	2	20
1507	692	544	1	20
1508	544	545	1	20
1509	545	546	1	20
1510	546	547	1	20
1511	547	548	1	20
1512	548	549	1	20
1513	549	693	2	20
1514	693	694	1	20
1515	694	695	3	20
1516	695	696	-9	20
1517	696	697	1	20
1518	616	673	2	21
1519	673	540	2	21
1520	540	640	3	21
1521	640	658	5	21
1522	658	698	2	21
1523	698	699	7	21
1524	699	690	2	21
1525	690	686	4	21
1526	686	685	1	21
1527	685	684	1	21
1528	684	700	1	21
1529	700	683	0	21
1530	683	682	1	21
1531	682	701	2	21
1532	701	702	1	21
1533	702	703	1	21
1534	704	705	1	23
1535	705	706	0	23
1536	706	707	1	23
1537	707	708	1	23
1538	708	709	2	23
1539	709	710	1	23
1540	710	711	1	23
1541	711	712	1	23
1542	712	547	2	23
1543	547	546	1	23
1544	546	545	1	23
1545	545	544	1	23
1546	544	692	1	23
1547	692	690	2	23
1548	690	713	1	23
1549	713	714	2	23
1550	714	715	2	23
1551	715	703	1	23
1552	703	702	1	23
1553	702	701	1	23
1554	701	716	1	23
1555	716	717	0	23
1556	717	718	1	23
1557	719	715	3	24
1558	715	703	1	24
1559	616	673	2	25
1560	673	540	2	25
1561	540	640	3	25
1562	640	658	5	25
1563	658	699	8	25
1564	699	713	3	25
1565	713	719	5	25
1566	719	715	3	25
1567	715	703	1	25
1568	697	696	1	26
1569	696	545	1	26
1570	545	544	1	26
1571	544	719	8	26
1572	719	715	3	26
1573	715	703	1	26
1574	547	720	1	27
1575	720	721	0	27
1576	721	697	1	27
1577	697	722	1	27
1578	722	723	1	27
1579	723	724	1	27
1580	724	725	1	27
1581	725	544	1	27
1582	544	544	1	27
1583	544	726	1	27
1584	676	727	2	28
1585	727	515	2	28
1586	515	514	2	28
1587	514	561	1	28
1588	561	560	1	28
1589	560	559	2	28
1590	559	728	2	28
1591	728	729	1	28
1592	729	730	1	28
1593	730	731	0	28
1594	731	732	1	28
1595	732	733	1	28
1596	733	734	1	28
1597	734	735	1	28
1598	735	736	1	28
1599	736	737	1	28
1600	737	738	1	28
1601	738	739	1	28
1602	739	740	0	28
1603	740	741	1	28
1604	741	742	1	28
1605	742	743	1	28
1606	743	744	1	28
1607	744	745	1	28
1608	745	700	1	28
1609	700	746	1	28
1610	746	747	1	28
1611	747	748	1	28
1612	748	683	1	28
1613	683	682	1	28
1614	682	681	1	28
1615	681	680	1	28
1616	680	679	1	28
1617	679	678	0	28
1618	678	677	1	28
1619	515	514	2	29
1620	514	561	1	29
1621	561	560	1	29
1622	560	559	1	29
1623	559	728	2	29
1624	728	729	1	29
1625	729	730	1	29
1626	730	731	0	29
1627	731	732	1	29
1628	732	733	1	29
1629	733	734	1	29
1630	734	735	1	29
1631	735	736	1	29
1632	736	737	1	29
1633	737	738	1	29
1634	738	739	1	29
1635	739	740	0	29
1636	740	741	1	29
1637	741	749	1	29
1638	704	705	1	30
1639	705	706	0	30
1640	706	707	1	30
1641	707	708	1	30
1642	708	709	2	30
1643	709	750	1	30
1644	750	751	1	30
1645	751	710	2	30
1646	710	711	1	30
1647	711	752	1	30
1648	752	698	2	30
1649	698	658	2	30
1650	658	753	1	30
1651	753	754	1	30
1652	754	560	2	30
1653	560	561	1	30
1654	561	514	2	30
1655	514	515	2	30
1656	755	756	1	31
1657	756	754	1	31
1658	754	560	2	31
1659	560	561	1	31
1660	561	514	2	31
1661	514	757	3	31
1662	757	758	2	31
1663	758	516	2	31
1664	516	540	3	31
1665	540	518	1	31
1666	579	580	0	32
1667	580	581	1	32
1668	581	582	1	32
1669	582	583	1	32
1670	583	584	1	32
1671	584	585	1	32
1672	585	558	1	32
1673	558	559	2	32
1674	559	754	3	32
1675	754	753	2	32
1676	753	645	2	32
1677	645	644	2	32
1678	644	643	1	32
1679	643	642	1	32
1680	642	589	2	32
1681	589	507	2	32
1682	579	759	1	35
1683	759	760	0	35
1684	760	761	1	35
1685	761	762	1	35
1686	762	553	2	35
1687	553	553	2	35
1688	553	763	3	35
1689	763	693	1	35
1690	693	764	1	35
1691	764	765	2	35
1692	515	560	3	37
1693	560	754	2	37
1694	754	753	1	37
1695	753	658	2	37
1696	658	695	3	37
1697	695	711	3	37
1698	711	709	2	37
1699	709	766	1	37
1700	766	767	1	37
1701	767	768	2	37
1702	768	769	1	37
1703	769	770	2	37
1704	770	771	1	37
1705	771	772	1	37
1706	772	773	1	37
1707	773	774	1	37
1708	774	773	1	37
1709	773	771	1	37
1710	771	775	2	37
1711	775	776	1	37
1712	776	777	2	37
1713	777	778	-5	37
1714	778	779	2	37
1715	779	780	1	37
1716	780	781	1	37
1717	755	756	1	39
1718	756	754	1	39
1719	754	560	2	39
1720	560	561	1	39
1721	561	514	2	39
1722	514	757	3	39
1723	757	758	2	39
1724	758	516	2	39
1725	516	540	3	39
1726	540	518	1	39
1727	518	591	2	39
1728	591	592	2	39
1729	592	593	1	39
1730	593	594	1	39
1731	594	782	1	39
1732	782	783	1	39
1733	783	784	0	39
1734	784	785	1	39
1735	785	786	1	39
1736	507	640	0	41
1737	640	589	2	41
1738	589	588	2	41
1739	588	787	1	41
1740	787	587	1	41
1741	587	788	1	41
1742	788	789	0	41
1743	789	790	1	41
1744	790	791	1	41
1745	791	792	0	41
1746	792	793	1	41
1747	793	619	1	41
1748	794	795	1	43
1749	795	796	0	43
1750	796	797	1	43
1751	797	798	1	43
1752	798	799	1	43
1753	799	800	1	43
1754	800	801	1	43
1755	801	802	2	43
1756	802	657	1	43
1757	657	658	2	43
1758	636	803	2	44
1759	803	804	0	44
1760	804	805	1	44
1761	805	806	0	44
1762	806	807	1	44
1763	807	808	1	44
1764	808	642	2	44
1765	642	641	0	44
1766	641	809	1	44
1767	809	810	1	44
1768	811	812	1	50
1769	812	813	1	50
1770	813	521	1	50
1771	521	523	3	50
1772	523	594	2	50
1773	594	814	1	50
1774	814	815	2	50
1775	815	575	1	50
1776	575	574	2	50
1777	574	573	1	50
1778	573	572	1	50
1779	572	599	3	50
1780	599	816	1	50
1781	816	651	2	50
1782	651	616	1	50
1783	616	675	2	50
1784	675	817	1	50
1785	817	818	2	50
1786	818	819	3	50
1787	518	820	1	51
1788	820	811	3	51
1789	811	812	1	51
1790	812	813	1	51
1791	813	521	1	51
1792	521	565	3	51
1793	565	821	1	51
1794	821	822	1	51
1795	822	823	1	51
1796	823	533	2	51
1797	824	825	1	52
1798	825	826	0	52
1799	826	827	1	52
1800	827	828	1	52
1801	828	829	1	52
1802	829	830	1	52
1803	830	831	2	52
1804	831	832	1	52
1805	832	833	1	52
1806	518	520	2	53
1807	520	592	2	53
1808	592	593	1	53
1809	593	594	1	53
1810	594	595	2	53
1811	595	597	1	53
1812	597	834	2	53
1813	834	835	1	53
1814	835	570	2	53
1815	570	836	2	53
1816	836	837	3	53
1817	837	838	1	53
1818	838	839	1	53
1819	839	840	1	53
1820	840	841	1	53
1821	841	842	1	53
1822	842	843	1	53
1823	827	826	0	54
1824	826	825	1	54
1825	825	824	1	54
1826	824	844	1	54
1827	844	845	1	54
1828	845	838	0	54
1829	838	839	1	54
1830	839	846	1	54
1831	846	847	1	54
1832	847	848	1	54
1833	849	850	1	56
1834	850	569	1	56
1835	569	570	2	56
1836	570	836	2	56
1837	836	837	3	56
1838	837	838	1	56
1839	838	845	1	56
1840	845	844	1	56
1841	844	824	1	56
1842	824	825	1	56
1843	825	826	1	56
1844	826	827	1	56
1845	827	828	1	56
1846	828	829	1	56
1847	829	830	1	56
1848	830	831	2	56
1849	831	851	1	56
1850	851	852	1	56
1851	852	853	1	56
1852	853	854	1	56
1853	854	832	1	56
1854	832	833	1	56
1855	833	855	1	56
1856	855	525	1	56
1857	525	526	2	56
1858	526	856	-1	56
1859	856	857	1	56
1860	858	567	1	57
1861	567	859	1	57
1862	859	860	1	57
1863	860	861	1	57
1864	861	862	1	57
1865	862	863	-2	57
1866	863	864	2	57
1867	864	865	1	57
1868	866	867	1	58
1869	867	597	2	58
1870	597	597	1	58
1871	597	868	1	58
1872	868	869	1	58
1873	869	566	2	58
1874	566	565	2	58
1875	565	523	2	58
1876	870	871	1	59
1877	871	872	1	59
1878	872	873	2	59
1879	873	525	3	59
1880	525	874	1	59
1881	874	531	3	59
1882	531	534	3	59
1883	534	538	3	59
1884	538	540	3	59
1885	540	875	7	59
1886	875	876	2	59
1887	876	877	2	59
1888	877	878	1	59
1889	878	879	1	59
1890	879	880	1	59
1891	880	881	1	59
1892	881	882	2	59
1893	882	883	1	59
1894	883	884	1	59
1895	885	886	2	61
1896	886	887	1	61
1897	887	888	1	61
1898	888	889	1	61
1899	889	890	2	61
1900	890	891	1	61
1901	891	784	2	61
1902	784	783	1	61
1903	783	782	1	61
1904	782	594	2	61
1905	594	593	1	61
1906	593	592	1	61
1907	592	591	2	61
1908	591	518	2	61
1909	518	540	2	61
1910	540	590	2	61
1911	590	507	1	61
1912	889	890	2	63
1913	890	892	1	63
1914	892	834	2	63
1915	834	597	1	63
1916	597	595	2	63
1917	595	594	2	63
1918	594	592	2	63
1919	592	591	2	63
1920	591	518	3	63
1921	518	540	2	63
1922	540	640	3	63
1923	640	588	2	63
1924	588	658	3	63
1925	658	695	3	63
1926	695	711	3	63
1927	711	709	2	63
1928	709	708	1	63
1929	708	707	1	63
1930	707	706	1	63
1931	706	705	1	63
1932	705	704	1	63
1933	833	832	0	65
1934	832	831	2	65
1935	831	874	1	65
1936	874	525	2	65
1937	525	870	4	65
1938	870	871	1	65
1939	871	872	1	65
1940	872	873	1	65
1941	873	893	1	65
1942	893	894	1	65
1943	894	895	2	65
1944	895	896	1	65
1945	896	839	1	65
1946	839	838	1	65
1947	838	837	1	65
1948	837	836	1	65
1949	836	570	2	65
1950	570	569	1	65
1951	569	897	1	65
1952	897	898	1	65
1953	898	567	2	65
1954	567	834	1	65
1955	834	597	1	65
1956	597	637	1	65
1957	637	899	1	65
1958	899	892	1	65
1959	892	889	3	65
1960	889	606	5	65
1961	606	607	1	65
1962	607	900	3	65
1963	900	901	1	65
1964	901	611	1	65
1965	611	612	1	65
1966	612	613	2	65
1967	599	572	3	66
1968	572	902	2	66
1969	902	903	1	66
1970	903	904	1	66
1971	904	815	2	66
1972	815	905	2	66
1973	905	906	1	66
1974	906	907	2	66
1975	907	908	1	66
1976	908	909	1	66
1977	909	910	1	66
1978	910	911	1	66
1979	578	578	1	67
1980	578	786	1	67
1981	786	912	2	67
1982	912	913	1	67
1983	913	914	1	67
1984	914	915	1	67
1985	915	916	1	67
1986	916	613	1	67
1987	613	917	1	67
1988	917	612	1	67
1989	612	611	1	67
1990	611	918	2	67
1991	918	919	1	67
1992	919	920	1	67
1993	920	921	1	67
1994	921	922	1	67
1995	922	923	1	67
1996	923	924	1	67
1997	925	878	1	68
1998	878	926	1	68
1999	926	927	1	68
2000	927	928	1	68
2001	928	929	1	68
2002	929	930	2	68
2003	930	931	1	68
2004	931	932	2	68
2005	932	933	1	68
2006	933	934	2	68
2007	934	818	2	68
2008	818	935	2	68
2009	935	617	2	68
2010	617	816	1	68
2011	816	599	2	68
2012	599	571	2	68
2013	571	673	2	68
2014	673	518	1	68
2015	889	889	1	69
2016	889	888	1	69
2017	888	887	0	69
2018	887	886	2	69
2019	886	936	3	69
2020	515	727	2	70
2021	727	675	1	70
2022	675	616	2	70
2023	616	617	2	70
2024	617	618	1	70
2025	618	600	1	70
2026	600	601	1	70
2027	601	937	1	70
2028	937	938	1	70
2029	938	939	1	70
2030	939	940	1	70
2031	940	941	1	70
2032	941	942	2	70
2033	942	943	1	70
2034	943	944	1	70
2035	944	945	1	70
2036	945	900	1	70
2037	900	946	1	70
2038	946	947	1	70
2039	947	922	1	70
2040	922	948	1	70
2041	948	949	1	70
2042	507	508	1	74
2043	508	590	1	74
2044	590	540	2	74
2045	540	518	1	74
2046	518	591	2	74
2047	591	592	2	74
2048	592	902	1	74
2049	902	664	2	74
2050	664	937	2	74
2051	937	938	1	74
2052	938	939	0	74
2053	939	940	1	74
2054	940	941	1	74
2055	941	942	1	74
2056	613	917	1	75
2057	917	612	1	75
2058	612	611	1	75
2059	611	609	2	75
2060	609	608	1	75
2061	608	607	1	75
2062	607	605	3	75
2063	605	906	2	75
2064	906	574	3	75
2065	574	573	1	75
2066	573	592	4	75
2067	592	520	1	75
2068	520	538	3	75
2069	538	536	2	75
2070	536	534	2	75
2071	534	950	3	75
2072	950	951	2	75
2073	952	953	1	77
2074	953	954	5	77
2075	954	955	4	77
2076	955	956	2	77
2077	956	957	2	77
2078	957	942	2	77
2079	613	917	1	78
2080	917	612	1	78
2081	612	611	1	78
2082	611	610	1	78
2083	610	958	1	78
2084	958	959	1	78
2085	959	960	1	78
2086	960	915	1	78
2087	915	914	1	78
2088	914	913	1	78
2089	913	578	3	78
2090	578	576	1	78
2091	576	815	2	78
2092	815	904	2	78
2093	904	903	1	78
2094	903	592	3	78
2095	592	591	1	78
2096	591	518	2	78
2097	518	673	2	78
2098	673	674	1	78
2099	674	961	1	78
2100	961	675	2	78
2101	675	676	1	78
2102	613	916	1	79
2103	916	962	2	79
2104	962	609	1	79
2105	609	610	1	79
2106	610	611	1	79
2107	611	612	1	79
2108	612	949	2	79
2109	949	963	1	79
2110	963	921	1	79
2111	921	922	1	79
2112	922	964	1	79
2113	964	965	0	79
2114	965	966	1	79
2115	966	967	1	79
2116	967	968	1	79
2117	968	969	2	79
2118	969	970	2	79
2119	655	757	2	80
2120	757	971	2	80
2121	971	972	2	80
2122	972	973	1	80
2123	973	876	1	80
2124	876	974	1	80
2125	974	975	1	80
2126	975	976	1	80
2127	976	977	-2	80
2128	977	978	1	80
2129	978	979	1	80
2130	979	980	1	80
2131	515	971	2	82
2132	971	981	1	82
2133	981	982	1	82
2134	982	983	0	82
2135	983	984	1	82
2136	985	986	1	83
2137	986	928	1	83
2138	928	929	1	83
2139	929	987	2	83
2140	987	988	1	83
2141	988	989	1	83
2142	989	875	2	83
2143	875	819	1	83
2144	819	757	2	83
2145	757	628	2	83
2146	628	640	2	83
2147	640	589	2	83
2148	589	588	2	83
2149	588	990	1	83
2150	990	658	2	83
2151	658	698	2	83
2152	698	694	2	83
2153	694	693	1	83
2154	693	549	2	83
2155	549	548	1	83
2156	548	547	1	83
2157	547	546	1	83
2158	546	696	2	83
2159	696	697	1	83
2160	697	722	1	83
2161	722	725	1	83
2162	725	544	1	83
2163	991	992	0	84
2164	992	933	1	84
2165	933	932	1	84
2166	932	993	2	84
2167	993	994	1	84
2168	994	995	2	84
2169	995	988	2	84
2170	988	989	1	84
2171	989	875	2	84
2172	875	819	1	84
2173	819	757	2	84
2174	757	628	2	84
2175	628	640	2	84
2176	640	589	2	84
2177	589	588	2	84
2178	588	990	1	84
2179	990	658	2	84
2180	658	698	2	84
2181	698	694	2	84
2182	694	693	1	84
2183	693	549	2	84
2184	549	548	1	84
2185	548	547	1	84
2186	547	546	1	84
2187	546	545	1	84
2188	545	544	1	84
2189	578	578	1	87
2190	578	786	1	87
2191	786	912	2	87
2192	912	913	1	87
2193	913	914	1	87
2194	914	915	1	87
2195	915	960	1	87
2196	960	959	1	87
2197	959	958	1	87
2198	958	610	2	87
2199	610	901	1	87
2200	901	900	2	87
2201	900	945	1	87
2202	945	944	1	87
2203	944	943	1	87
2204	943	942	2	87
2205	942	941	2	87
2206	941	940	1	87
2207	940	939	0	87
2208	939	938	1	87
2209	938	996	2	87
2210	996	997	1	87
2211	997	818	2	87
2212	818	934	2	87
2213	934	992	2	87
2214	992	991	1	87
2215	991	998	4	87
2216	998	999	1	87
2217	515	971	2	88
2218	971	972	2	88
2219	972	973	1	88
2220	973	1000	1	88
2221	1000	989	2	88
2222	989	988	1	88
2223	988	987	1	88
2224	987	931	2	88
2225	931	932	2	88
2226	932	933	1	88
2227	933	934	2	88
2228	934	818	2	88
2229	818	935	2	88
2230	935	817	1	88
2231	817	675	1	88
2232	675	616	1	88
2233	676	818	3	90
2234	818	934	2	90
2235	934	1001	5	90
2236	1001	1002	1	90
2237	1002	1003	1	90
2238	1003	1004	1	90
2239	1004	1005	1	90
2240	1005	1006	1	90
2241	1006	1007	1	90
2242	1007	1008	2	90
2243	1008	1009	1	90
2244	1009	1010	1	90
2245	1010	1011	1	90
2246	1011	1012	1	90
2247	1012	1013	1	90
2248	1013	1014	1	90
2249	1014	1015	1	90
2250	1015	1016	3	90
2251	1016	1017	1	90
2252	1017	1018	2	90
2253	1018	1019	3	90
2254	515	819	2	91
2255	819	875	1	91
2256	875	876	2	91
2257	876	1020	1	91
2258	1020	1021	2	91
2259	1021	1022	3	91
2260	1022	1002	1	91
2261	1002	1003	1	91
2262	1003	1004	1	91
2263	1004	1005	1	91
2264	1005	1006	1	91
2265	1006	1007	1	91
2266	1007	1008	2	91
2267	1008	1009	1	91
2268	1009	1010	1	91
2269	1010	1011	1	91
2270	1011	1012	1	91
2271	1012	1013	1	91
2272	1013	1014	1	91
2273	1014	1015	1	91
2274	1015	1023	3	91
2275	1023	1024	1	91
2276	1024	1025	1	91
2277	677	678	1	92
2278	678	679	1	92
2279	679	681	1	92
2280	681	703	2	92
2281	703	715	1	92
2282	715	719	3	92
2283	719	713	0	92
2284	713	690	1	92
2285	690	699	2	92
2286	699	766	2	92
2287	766	709	1	92
2288	709	711	2	92
2289	711	698	4	92
2290	698	658	1	92
2291	658	753	1	92
2292	753	754	1	92
2293	754	971	6	92
2294	971	875	2	92
2295	875	989	2	92
2296	989	988	1	92
2297	988	987	1	92
2298	987	929	2	92
2299	929	928	1	92
2300	928	986	1	92
2301	986	985	1	92
2302	985	1026	1	92
2303	1026	1027	1	92
2304	1027	1028	1	92
2305	1028	881	1	92
2306	881	882	1	92
2307	882	1029	1	92
2308	1029	998	0	92
2309	998	999	1	92
2310	507	640	2	93
2311	640	628	2	93
2312	628	757	1	93
2313	757	819	2	93
2314	819	875	1	93
2315	875	1030	1	93
2316	1030	876	1	93
2317	876	1031	1	93
2318	1031	877	2	93
2319	877	878	2	93
2320	878	879	1	93
2321	879	1032	1	93
2322	1032	880	1	93
2323	880	1033	1	93
2324	1033	1034	1	93
2325	1034	882	2	93
2326	882	1029	1	93
2327	1029	998	0	93
2328	998	999	1	93
2329	925	878	1	94
2330	878	877	1	94
2331	877	1031	1	94
2332	1031	876	1	94
2333	876	1030	1	94
2334	1030	875	2	94
2335	875	819	1	94
2336	819	757	2	94
2337	757	758	2	94
2338	758	516	2	94
2339	1035	515	1	95
2340	515	819	2	95
2341	819	1036	4	95
2342	1036	995	1	95
2343	995	987	3	95
2344	987	929	2	95
2345	929	928	1	95
2346	928	986	1	95
2347	986	985	1	95
2348	985	1026	1	95
2349	1026	1027	1	95
2350	1027	1028	1	95
2351	1028	881	1	95
2352	881	882	1	95
2353	882	1029	1	95
2354	1029	998	0	95
2355	998	999	1	95
2356	999	1034	-1	95
2357	1037	927	1	96
2358	927	928	1	96
2359	928	929	1	96
2360	929	930	1	96
2361	930	931	2	96
2362	931	993	2	96
2363	993	937	5	96
2364	937	601	1	96
2365	601	602	2	96
2366	602	906	2	96
2367	906	905	1	96
2368	905	815	2	96
2369	815	814	1	96
2370	814	595	2	96
2371	595	597	2	96
2372	597	834	2	96
2373	834	892	1	96
2374	892	889	2	96
2375	889	888	1	96
2376	888	887	0	96
2377	887	886	1	96
2378	886	1038	1	96
2379	1038	885	1	96
2380	1022	1001	0	98
2381	1001	1029	2	98
2382	1029	882	1	98
2383	882	881	1	98
2384	881	1039	1	98
2385	1039	880	1	98
2386	880	1032	1	98
2387	1032	879	1	98
2388	879	878	1	98
2389	878	1040	1	98
2390	1040	985	2	98
2391	985	1041	1	98
2392	1041	1042	0	98
2393	1042	992	3	98
2394	992	934	2	98
2395	934	937	4	98
2396	937	664	3	98
2397	664	592	3	98
2398	592	520	1	98
2399	520	521	1	98
2400	521	521	1	98
2401	521	812	2	98
2402	812	811	1	98
2403	991	992	0	99
2404	992	933	1	99
2405	933	932	1	99
2406	932	993	2	99
2407	993	994	1	99
2408	994	995	2	99
2409	995	988	2	99
2410	988	989	1	99
2411	989	876	2	99
2412	876	977	1	99
2413	977	978	1	99
2414	978	877	1	99
2415	877	926	2	99
2416	926	927	1	99
2417	927	928	1	99
2418	928	986	1	99
2419	986	985	1	99
2420	985	1026	1	99
2421	1026	1027	1	99
2422	1027	925	1	99
2423	925	879	1	99
2424	879	1032	2	99
2425	1032	880	1	99
2426	880	1039	1	99
2427	1039	881	1	99
2428	881	882	1	99
2429	882	1029	1	99
2430	1029	998	0	99
2431	998	999	1	99
2432	999	883	-1	99
2433	883	884	1	99
2434	697	696	1	123
2435	696	545	1	123
2436	545	544	1	123
2437	544	692	1	123
2438	692	699	3	123
2439	699	766	2	123
2440	766	708	1	123
2441	708	707	1	123
2442	707	706	1	123
2443	706	705	1	123
2444	705	704	1	123
2445	766	708	1	130
2446	708	707	1	130
2447	707	706	1	130
2448	706	705	1	130
2449	705	704	1	130
2450	704	709	2	130
2451	709	750	1	130
2452	750	751	1	130
2453	751	1043	1	130
2454	1043	695	3	130
2455	695	698	2	130
2456	698	657	2	130
2457	579	580	0	133
2458	580	581	1	133
2459	581	582	1	133
2460	582	583	1	133
2461	583	584	1	133
2462	584	585	1	133
2463	585	560	4	133
2464	560	515	4	133
2465	515	727	2	133
2466	727	676	1	133
2467	755	1045	1	139
2468	1045	1046	0	139
2469	1046	1047	1	139
2470	1047	1048	0	139
2471	1048	1049	1	139
2472	1049	1050	1	139
2473	1050	1051	1	139
2474	1051	1052	1	139
2475	1052	558	2	139
2476	619	1054	1	147
2477	1054	1055	1	147
2478	1055	1056	3	147
2479	1056	1056	4	147
2480	1056	1057	2	147
2481	1057	1058	1	147
2482	1058	1059	1	147
2483	1059	665	1	147
2484	665	627	2	147
2485	627	628	3	147
2486	811	820	2	151
2487	820	538	2	151
2488	538	1060	1	151
2489	1060	1061	0	151
2490	1061	1062	1	151
2491	1062	1063	1	151
2492	569	570	2	153
2493	570	1064	5	153
2494	1064	847	1	153
2495	847	840	1	153
2496	840	841	1	153
2497	841	842	1	153
2498	842	843	1	153
2499	934	757	6	184
2500	757	628	2	184
2501	628	640	2	184
2502	640	787	3	184
2503	515	819	2	191
2504	819	875	1	191
2505	875	876	2	191
2506	876	1020	1	191
2507	1020	1021	2	191
2508	1021	1022	3	191
2509	1022	1002	1	191
2510	1002	1003	1	191
2511	1003	1004	1	191
2512	1004	1005	1	191
2513	1005	1006	1	191
2514	1006	1007	1	191
2515	1007	1008	2	191
2516	1008	1009	1	191
2517	1009	1010	1	191
2518	1010	1011	1	191
2519	1011	1012	1	191
2520	695	698	2	192
2521	698	658	1	192
2522	658	753	1	192
2523	753	754	1	192
2524	754	971	6	192
2525	971	875	2	192
2526	875	989	2	192
2527	989	988	1	192
2528	988	987	1	192
2529	987	929	2	192
2530	929	928	1	192
2531	928	986	1	192
2532	986	985	1	192
2533	985	1026	1	192
2534	1026	1027	1	192
2535	1027	1028	1	192
2536	1028	881	1	192
2537	881	882	1	192
2538	882	1029	1	192
2539	1029	998	0	192
2540	998	999	1	192
2541	1037	927	1	196
2542	927	928	1	196
2543	928	929	1	196
2544	929	930	1	196
2545	930	931	2	196
2546	931	993	2	196
2547	993	937	5	196
2548	937	601	1	196
2549	601	602	2	196
2550	602	906	2	196
2551	906	905	1	196
2552	905	815	2	196
2553	815	814	1	196
2554	814	594	2	196
2555	594	523	2	196
2556	507	640	2	X13
2557	640	1065	2	X13
2558	1065	543	2	X13
2559	543	614	1	X13
2560	614	615	2	X13
2561	615	675	2	X13
2562	675	676	2	X13
2563	507	640	1	X38
2564	640	589	1	X38
2565	589	588	2	X38
2566	588	990	1	X38
2567	990	658	1	X38
2568	658	698	1	X38
2569	698	752	1	X38
2570	752	1066	1	X38
2571	1066	711	1	X38
2572	711	1067	1	X38
2573	1067	709	2	X38
2574	709	766	1	X38
2575	766	1068	2	X38
2576	925	878	1	X80
2577	878	877	2	X80
2578	877	978	1	X80
2579	978	977	1	X80
2580	977	876	1	X80
2581	876	974	1	X80
2582	974	975	1	X80
2583	975	976	1	X80
2584	569	570	2	525
2585	570	1064	5	525
2586	1064	847	1	525
2587	847	840	1	525
2588	840	841	1	525
2589	841	842	1	525
2590	842	1069	2	525
2591	1069	1070	1	525
2592	1070	1071	1	525
2593	1071	1072	1	525
2594	1072	1073	2	525
2595	1073	1074	1	525
2596	1074	1075	2	525
2597	1075	1076	1	525
2598	1076	1077	1	525
2599	1012	1013	1	801
2600	1013	1014	1	801
2601	1014	1078	6	801
2602	515	971	2	901
2603	971	1079	10	901
2604	1079	1080	7	901
2605	1080	1081	2	901
2606	1081	1082	1	901
2607	507	640	1	N21
2608	640	589	1	N21
2609	589	588	2	N21
2610	588	990	0	N21
2611	990	658	2	N21
2612	658	698	1	N21
2613	698	752	1	N21
2614	752	1066	1	N21
2615	1066	711	1	N21
2616	711	712	1	N21
2617	712	547	0	N21
2618	547	546	1	N21
2619	546	545	1	N21
2620	545	544	0	N21
2621	544	692	1	N21
2622	692	690	2	N21
2623	690	689	1	N21
2624	689	688	1	N21
2625	688	687	0	N21
2626	687	686	2	N21
2627	507	640	0	N29
2628	640	589	1	N29
2629	589	641	1	N29
2630	641	642	1	N29
2631	642	643	1	N29
2632	643	644	0	N29
2633	644	645	2	N29
2634	645	753	1	N29
2635	753	754	2	N29
2636	754	559	1	N29
2637	559	728	2	N29
2638	728	729	1	N29
2639	729	730	1	N29
2640	730	731	1	N29
2641	731	732	0	N29
2642	732	733	1	N29
2643	733	734	1	N29
2644	734	735	1	N29
2645	735	736	0	N29
2646	736	737	1	N29
2647	737	738	1	N29
2648	738	739	0	N29
2649	739	740	1	N29
2650	740	741	1	N29
2651	741	749	1	N29
2652	507	640	1	N31
2653	640	628	1	N31
2654	628	757	2	N31
2655	757	514	2	N31
2656	514	561	1	N31
2657	561	560	1	N31
2658	560	754	2	N31
2659	754	756	0	N31
2660	756	755	1	N31
2661	507	508	1	N33
2662	508	590	0	N33
2663	590	540	2	N33
2664	540	673	1	N33
2665	673	674	1	N33
2666	674	961	1	N33
2667	961	675	1	N33
2668	675	727	0	N33
2669	727	1035	2	N33
2670	1035	515	1	N33
2671	515	514	2	N33
2672	514	561	1	N33
2673	561	560	1	N33
2674	560	559	1	N33
2675	559	558	1	N33
2676	558	585	1	N33
2677	585	584	0	N33
2678	584	583	2	N33
2679	583	582	0	N33
2680	582	581	1	N33
2681	581	580	1	N33
2682	580	579	1	N33
2683	507	640	1	N34
2684	640	628	1	N34
2685	628	757	2	N34
2686	757	514	2	N34
2687	514	561	1	N34
2688	561	560	1	N34
2689	560	559	1	N34
2690	559	558	2	N34
2691	558	556	1	N34
2692	556	555	1	N34
2693	555	554	1	N34
2694	554	553	1	N34
2695	553	763	2	N34
2696	763	549	1	N34
2697	549	548	1	N34
2698	548	547	1	N34
2699	547	546	0	N34
2700	546	696	1	N34
2701	696	697	1	N34
2702	697	722	1	N34
2703	722	725	0	N34
2704	725	544	1	N34
2705	507	640	0	N37
2706	640	589	1	N37
2707	589	588	2	N37
2708	588	990	1	N37
2709	990	658	2	N37
2710	658	698	1	N37
2711	698	695	1	N37
2712	695	752	1	N37
2713	752	1066	1	N37
2714	1066	711	1	N37
2715	711	1067	1	N37
2716	1067	709	0	N37
2717	709	704	1	N37
2718	704	705	1	N37
2719	705	706	1	N37
2720	706	707	0	N37
2721	707	708	1	N37
2722	708	766	1	N37
2723	766	767	2	N37
2724	767	768	2	N37
2725	768	769	1	N37
2726	769	771	1	N37
2727	771	773	1	N37
2728	773	774	1	N37
2729	628	629	1	N44
2730	629	630	0	N44
2731	630	631	2	N44
2732	631	632	1	N44
2733	632	633	1	N44
2734	633	634	1	N44
2735	634	635	1	N44
2736	635	636	1	N44
2737	628	627	1	N47
2738	627	626	1	N47
2739	626	625	1	N47
2740	625	624	0	N47
2741	624	623	1	N47
2742	623	622	0	N47
2743	622	1083	1	N47
2744	1083	620	1	N47
2745	620	619	1	N47
2746	619	659	0	N47
2747	659	587	1	N47
2748	587	586	1	N47
2749	586	647	1	N47
2750	507	640	1	N53
2751	640	628	2	N53
2752	628	655	1	N53
2753	655	660	1	N53
2754	660	564	1	N53
2755	564	517	1	N53
2756	517	518	1	N53
2757	518	519	1	N53
2758	519	520	1	N53
2759	520	521	1	N53
2760	521	565	2	N53
2761	565	566	1	N53
2762	566	858	1	N53
2763	858	568	1	N53
2764	568	570	2	N53
2765	570	836	2	N53
2766	836	837	2	N53
2767	837	838	0	N53
2768	838	839	1	N53
2769	839	840	1	N53
2770	840	841	0	N53
2771	841	842	1	N53
2772	842	843	1	N53
2773	507	640	1	N55
2774	640	628	2	N55
2775	628	758	1	N55
2776	758	516	2	N55
2777	516	540	1	N55
2778	540	539	2	N55
2779	539	538	1	N55
2780	538	537	1	N55
2781	537	536	1	N55
2782	536	535	1	N55
2783	535	534	0	N55
2784	534	533	1	N55
2785	533	532	0	N55
2786	532	531	1	N55
2787	531	530	1	N55
2788	530	529	0	N55
2789	529	1084	1	N55
2790	1084	874	1	N55
2791	874	525	1	N55
2792	525	873	3	N55
2793	873	872	1	N55
2794	872	871	1	N55
2795	871	870	0	N55
2796	570	836	1	N56
2797	836	837	2	N56
2798	837	838	1	N56
2799	838	845	1	N56
2800	845	844	1	N56
2801	844	824	0	N56
2802	824	825	1	N56
2803	825	826	0	N56
2804	826	827	1	N56
2805	827	828	1	N56
2806	828	829	0	N56
2807	829	830	1	N56
2808	830	1084	1	N56
2809	1084	529	0	N56
2810	507	640	1	N61
2811	640	628	2	N61
2812	628	655	1	N61
2813	655	656	2	N61
2814	656	615	1	N61
2815	615	616	1	N61
2816	616	651	2	N61
2817	651	650	1	N61
2818	650	816	1	N61
2819	816	599	1	N61
2820	599	663	0	N61
2821	663	664	1	N61
2822	664	902	1	N61
2823	902	903	1	N61
2824	903	904	1	N61
2825	904	1085	1	N61
2826	1085	814	0	N61
2827	814	595	2	N61
2828	595	639	1	N61
2829	639	638	1	N61
2830	638	637	0	N61
2831	637	899	1	N61
2832	899	892	1	N61
2833	892	889	1	N61
2834	889	888	0	N61
2835	888	887	1	N61
2836	887	886	1	N61
2837	886	1038	1	N61
2838	1038	885	1	N61
2839	507	640	1	N70
2840	640	628	2	N70
2841	628	655	1	N70
2842	655	660	1	N70
2843	660	661	1	N70
2844	661	648	1	N70
2845	648	571	0	N70
2846	571	572	2	N70
2847	572	573	1	N70
2848	573	574	0	N70
2849	574	575	2	N70
2850	575	576	1	N70
2851	576	578	1	N70
2852	578	913	3	N70
2853	913	914	1	N70
2854	914	915	0	N70
2855	915	960	1	N70
2856	960	959	1	N70
2857	959	958	1	N70
2858	958	610	1	N70
2859	610	918	1	N70
2860	918	919	1	N70
2861	628	655	1	N72
2862	655	656	1	N72
2863	656	615	1	N72
2864	615	616	2	N72
2865	616	617	1	N72
2866	617	618	1	N72
2867	618	600	1	N72
2868	600	601	1	N72
2869	601	602	1	N72
2870	602	603	1	N72
2871	603	604	1	N72
2872	604	605	1	N72
2873	605	606	1	N72
2874	606	607	1	N72
2875	607	608	1	N72
2876	608	609	1	N72
2877	609	610	1	N72
2878	610	611	1	N72
2879	611	612	1	N72
2880	612	613	1	N72
2881	507	508	1	N74
2882	508	590	0	N74
2883	590	540	2	N74
2884	540	518	1	N74
2885	518	591	1	N74
2886	591	592	1	N74
2887	592	593	1	N74
2888	593	594	0	N74
2889	594	782	2	N74
2890	782	783	0	N74
2891	783	784	1	N74
2892	784	785	1	N74
2893	785	786	0	N74
2894	786	578	1	N74
2895	578	576	1	N74
2896	576	905	1	N74
2897	905	906	1	N74
2898	906	667	1	N74
2899	667	666	1	N74
2900	666	602	0	N74
2901	602	1086	1	N74
2902	1086	601	1	N74
2903	601	937	1	N74
2904	937	938	0	N74
2905	938	939	1	N74
2906	939	940	0	N74
2907	940	941	1	N74
2908	941	942	1	N74
2909	507	640	1	N80
2910	640	628	1	N80
2911	628	757	2	N80
2912	757	819	2	N80
2913	819	1036	3	N80
2914	1036	995	1	N80
2915	995	994	0	N80
2916	994	932	1	N80
2917	932	933	1	N80
2918	933	992	1	N80
2919	992	991	0	N80
2920	991	931	3	N80
2921	931	930	1	N80
2922	930	929	0	N80
2923	929	928	1	N80
2924	928	927	1	N80
2925	927	926	0	N80
2926	926	877	1	N80
2927	877	978	1	N80
2928	978	977	1	N80
2929	977	876	0	N80
2930	876	974	1	N80
2931	1022	1001	1	N91
2932	1001	1002	2	N91
2933	1002	1003	1	N91
2934	1003	1004	1	N91
2935	1004	1005	0	N91
2936	1005	1006	1	N91
2937	1006	1007	1	N91
2938	1007	1008	2	N91
2939	1008	1009	1	N91
2940	1009	1010	1	N91
2941	1010	1011	1	N91
2942	1011	1012	1	N91
2943	1012	1013	0	N91
2944	1013	1014	1	N91
2945	1014	1015	1	N91
2946	1015	1023	3	N91
2947	1023	1024	1	N91
2948	1024	1025	1	N91
2949	507	640	1	N93
2950	640	628	1	N93
2951	628	757	2	N93
2952	757	819	2	N93
2953	819	875	1	N93
2954	875	1030	1	N93
2955	1030	876	1	N93
2956	876	1031	1	N93
2957	1031	877	1	N93
2958	877	878	1	N93
2959	878	879	1	N93
2960	879	1032	1	N93
2961	1032	880	0	N93
2962	880	1033	2	N93
2963	1033	1034	0	N93
2964	1034	882	2	N93
2965	882	1029	0	N93
2966	1029	1001	1	N93
2967	1001	1022	1	N93
2968	507	640	1	N95
2969	640	628	1	N95
2970	628	757	2	N95
2971	757	971	2	N95
2972	971	972	2	N95
2973	972	973	1	N95
2974	973	1000	0	N95
2975	1000	989	1	N95
2976	989	988	1	N95
2977	988	987	1	N95
2978	987	930	1	N95
2979	930	929	0	N95
2980	929	928	1	N95
2981	928	986	1	N95
2982	986	985	1	N95
2983	985	1026	1	N95
2984	1026	1027	1	N95
2985	1027	1028	0	N95
2986	1028	881	1	N95
2987	881	882	1	N95
2988	882	1029	1	N95
2989	1029	998	0	N95
2990	998	999	1	N95
2991	991	992	0	N99
2992	992	933	1	N99
2993	933	932	1	N99
2994	932	993	1	N99
2995	993	994	0	N99
2996	994	995	1	N99
2997	995	987	2	N99
2998	987	930	0	N99
2999	930	929	1	N99
3000	929	928	0	N99
3001	928	927	1	N99
3002	927	926	1	N99
3003	926	1040	1	N99
3004	1040	1026	1	N99
3005	1026	1027	1	N99
3006	1027	925	0	N99
3007	925	879	1	N99
3008	879	1032	1	N99
3009	1032	880	1	N99
3010	880	1039	0	N99
3011	1039	881	1	N99
3012	881	882	1	N99
3013	882	1029	0	N99
3014	1029	998	1	N99
3015	998	999	0	N99
3016	1087	1088	8	S20
3017	1089	1090	5	S25
3018	1090	1091	4	S25
3019	1091	1092	1	S25
3020	1092	1093	9	S25
3021	1088	1094	6	S50
3022	1094	1095	3	S50
3023	1088	1094	7	S60
3024	1094	1096	2	S60
\.


--
-- Name: connections_id_seq; Type: SEQUENCE SET; Schema: public; Owner: postgres
--

SELECT pg_catalog.setval('connections_id_seq', 3024, true);


--
-- Data for Name: product_parts; Type: TABLE DATA; Schema: public; Owner: postgres
--

COPY product_parts (id, name, part_of_id, in_stock, price, shipping_time) FROM stdin;
1	chair	\N	t	130	3
2	armrest	1	f	12	5
3	metal leg	1	f	9	5
4	metal rod	3	f	4.5	10
5	cushions	2	t	31	9
6	red dye	5	f	1.5	3
7	wooden table	\N	t	310	11
8	wooden leg	7	f	10	3
9	wood	8	f	2	1
10	wood desk	7	t	80	7
11	cotton	5	t	8	4
\.


--
-- Name: product_parts_id_seq; Type: SEQUENCE SET; Schema: public; Owner: postgres
--

SELECT pg_catalog.setval('product_parts_id_seq', 11, true);


--
-- Data for Name: stops; Type: TABLE DATA; Schema: public; Owner: postgres
--

COPY stops (id, name, zone) FROM stdin;
507	Hlavná stanica	100
508	Nám. Franza Liszta	100
509	Žilinská	100
510	STU	100
511	Vysoká	100
512	Poštová-Martinus	100
513	Kapucínska	100
514	Chatam Sófer	100
515	Most SNP	100
516	Blumentál	100
517	Legionárska	100
518	Trnavské mýto	100
519	Odbojárov	100
520	Nová doba	100
521	Polus City Center	100
522	Zátišie	100
523	ŽST Nové Mesto	100
524	Komisárky	101
525	Púchovská	101
526	Záhumenice	101
527	Detvianska	101
528	Hybešova	101
529	Hečkova	101
530	Černockého	101
531	Pekná cesta	101
532	Malé Krasňany	101
533	Vozovňa Krasňany	101
534	ŽST Vinohrady	100
535	Nám. Biely kríž	100
536	Mladá garda	100
537	Riazanská	100
538	Pionierska	100
539	Ursínyho	100
540	Račianske mýto	100
541	Americké nám.	100
542	Mariánska	100
543	Námestie SNP	100
544	Pri kríži	101
545	OD Saratov	101
546	Drobného	101
547	Alexyho	101
548	Švantnerova	101
549	Damborského	101
550	Horné Krčace	101
551	Dolné Krčace	101
552	Karlova Ves	100
553	Borská	100
554	MiÚ Karlova Ves	100
555	Nad lúčkami	100
556	Segnerova	100
557	Jurigovo nám.	100
558	Molecova	100
559	Botanická záhrada	100
560	Lafranconi	100
561	Park kultúry	100
562	Jesenského	100
563	Kamenné nám.	100
564	Odborárske nám.	100
565	Odborárska	100
566	Magnetová	100
567	Jurajov dvor	100
568	PPA Controll	101
569	Shopping Palace	101
570	Zlaté piesky	101
571	Saleziáni	100
572	Slovanet	100
573	Nemocnica Ružinov	100
574	Herlianska-OC Retro	100
575	Tomášikova	100
576	Súmračná	100
577	Chlumeckého	100
578	Astronomická	100
579	Kuklovská	100
580	ZŠ Majerníkova	100
581	Matejkova	100
582	Tománkova	100
583	Hany Meličkovej	100
584	Pri podchode	100
585	Janotova	100
586	Lovinského	100
587	Vozovňa Hroboňova	100
588	Hroboňova	100
589	Sokolská	100
590	Karpatská	100
591	Zimný štadión	100
592	Bajkalská	100
593	Sabinovská	100
594	Trnavská	100
595	Slovinská	100
596	Pri strelnici	100
597	Rádiová	100
598	Jelačičova	100
599	Trhovisko	100
600	BBC1 Plus-Miletičova	100
601	Prievozská	100
602	Hraničná-OC Retro	100
603	Gagarinova	100
604	Brodná	100
605	Ondrejovova	100
606	Ríbezľová	100
607	Cintorín Vrakuňa	100
608	Priekopnícka	101
609	Komárovská	101
610	Toryská	101
611	Hronská	101
612	Dudvážska	101
613	Čiližská	101
614	Rajská	100
615	Ul. 29. augusta	100
616	Autobusová stanica	100
617	Košická	100
618	Novohradská	100
619	Búdková	100
620	Červený kríž	100
621	Jančova	100
622	Radvanská	100
623	Inovecká	100
624	Hrad	100
625	Zámocká	100
626	Partizánska	100
627	Kozia	100
628	Hodžovo nám.	100
629	Nám. slobody	100
630	Štefanovičova	100
631	Šancová	100
632	Tupého	100
633	Jeséniova	100
634	Čremchová	100
635	Husova	100
636	Koliba	100
637	Bulharská	100
638	Spoločenská	100
639	Hanácka	100
640	SAV	100
641	Stromová	100
642	Bárdošova	100
643	Magurská	100
644	Nemocnica Kramáre	100
645	Pri Suchom mlyne	100
646	Hýrošova	100
647	Valašská	100
648	Kvačalova	100
649	Kulíškova	100
650	Cvernovka	100
651	Svätoplukova	100
652	Cintorínska	100
653	NÚSCH	100
654	Vlárska	100
655	Kollárovo nám.	100
656	Špitálska	100
657	Vojenská nemocnica	100
658	Patrónka	100
659	Horský park	100
660	Mickiewiczova	100
661	Karadžičova	100
662	Trenčianska	100
663	Ružová dolina	100
664	Mliekárenská	100
665	Šulekova	100
666	MiÚ Ružinov	100
667	Kaštieľska	100
668	Radničné nám.	100
669	Strojnícka	100
670	Prievoz-most	100
671	Nár. onkolog. ústav	100
672	Klenová	100
673	Krížna	100
674	Šoltésovej	100
675	Wüstenrot	100
676	Nové SND	100
677	Opletalova	101
678	Paulinské	101
679	Panské	101
680	Bystrická	101
681	ŽST Dev. Nová Ves	101
682	Mlynská	101
683	Novoveská	101
684	Hradištná	101
685	Milana Marečka	101
686	Štefana Králika	101
687	Vápenka	101
688	Krpáš	101
689	Kamenáče	101
690	Bory-rázcestie	101
691	Technické sklo	101
692	Agátová	101
693	Lipského	101
694	Húščavova	101
695	Tesco Lamač	101
696	Pekníkova	101
697	Žatevná	101
698	Mokrohájska	100
699	Bory Mall	101
700	Na hriadkach	101
701	Kremencová	101
702	Zamajerské	101
703	Jána Jonáša-VW	101
704	Lamač	101
705	Klanec	101
706	Studenohorská	101
707	Podháj	101
708	Bakošova	101
709	Vrančovičova	101
710	Hodonínska	101
711	ŽST Lamač	101
712	Bilíkova	101
713	Veľkolúcky potok	101
714	ČOV Dev. Nová Ves	101
715	Jána Jonáša	101
716	Vápencová	101
717	Rakyta	101
718	Mláka	101
719	Volkswagen	101
720	Vendelínska	101
721	Tulipánová	101
722	Štepná	101
723	Cabanova II	101
724	Cabanova	101
725	Homolova	101
726	OC Dubrawa	101
727	Malá scéna	100
728	Vodárenské múzeum	100
729	Jurigrad	101
730	Sihoť-BVS	101
731	Kadlečík	101
732	Zlaté schody	101
733	Hájovňa	101
734	Pri záhradách	101
735	Nový kameňolom	101
736	Starý kameňolom	101
737	Dolné koruny	101
738	Kremeľská	101
739	Slovanské nábrežie	101
740	Nám. sv. Cyrila a Metoda	101
741	Štrbská	101
742	Devín	101
743	Morava	101
744	Waitov lom	101
745	Sandberg	101
746	Uhrovecká	101
747	Ivana Bukovčana	101
748	Na Grbe	101
749	Hrad Devín	101
750	Pod násypom	101
751	Segnáre	101
752	Pridánky	101
753	Pri Habánskom mlyne	100
754	Zoo	100
755	Cintorín Slávičie údolie	100
756	Televízia	100
757	Zochova	100
758	Nám. 1. mája	100
759	Kuklovská 60	100
760	Kuklovská 44	100
761	Sološnická	100
762	Šaštínska	100
763	Harmincova	101
764	Polianky	101
765	Dúbravská cesta	100
766	Lamač-Staré záhrady	101
767	Pri krematóriu	101
768	Podkerepušky	101
769	Dievčí hrádok	101
770	TV Markíza	101
771	Krče	101
772	MiÚ Záh. Bystrica	101
773	Záhorská	101
774	Záhorská Bystrica	101
775	Pri Vápenickom potoku	101
776	Pri kaplnke	101
777	Strmé vŕšky	101
778	Trstínska	101
779	Marianka, Nad Bednárovým	215
780	Marianka, Cesta do Stupavy	215
781	Marianka, námestie	215
782	Trnavská-NAD	100
783	Martinský cintorín	100
784	Clementisova	100
785	Ivanská cesta	100
786	Súhvezdná	100
787	Prokopa Veľkého	100
788	Súbežná	100
789	Hauerland	100
790	Slov. nár. archív	100
791	Šafranová	100
792	Prvosienková	100
793	Na hrebienku	100
794	Lesopark	101
795	Kameňolom	101
796	Lanovka	101
797	Drieňovské lúky	101
798	Bukva	101
799	Železná studnička	101
800	Deviaty mlyn	101
801	Klepáč	101
802	Červený most P+R	100
803	Júlová	100
804	Na Revíne	100
805	Júnová	100
806	Višňová	100
807	L. Dérera	100
808	Guothova	100
809	Cesta na Kamzík	100
810	Jaskový rad	100
811	OD Slimák	100
812	Kukučínova	100
813	Hálkova	100
814	Haburská	100
815	Maximiliána Hella	100
816	Dulovo nám.	100
817	Landererova	100
818	Most Apollo	100
819	Aupark	100
820	Tehelná	100
821	Staré ihrisko	100
822	Eu. vzdel. akadémia	100
823	Nobelova	100
824	Na pasekách	101
825	Východné	101
826	Lokomotívne depo I	101
827	Sklabinská	101
828	Pri Šajbách	101
829	Pastierska	101
830	Stolárska	101
831	Čachtická	101
832	Závadská	101
833	Tbiliská	101
834	Vozovňa Trnávka	100
835	Shopping Park Soravia	101
836	Kon-Rad	101
837	Vajnory-nadjazd	101
838	Pri starom letisku	101
839	Uhliská	101
840	MiÚ Vajnory	101
841	Hospodárska	101
842	Vajnory	101
843	Vajnory-konečná	101
844	Lokomotívne depo II	101
845	Športové letisko	101
846	Čierny chodník	101
847	Pračanská	101
848	ŽST Vajnory	101
849	Studená	101
850	Studená-zastávka	101
851	MiÚ Rača	101
852	Nemecký kultúrny dom	101
853	Barónka	101
854	Nám. A. Hlinku	101
855	Karpatské nám.	101
856	Zvončeková	101
857	Potočná	101
858	Vozovňa Jurajov dvor	100
859	Pri nadjazde	101
860	Mokraď	101
861	Žabí majer-záhrady	101
862	Žabí majer	101
863	Pribylinská	101
864	Staviteľská	101
865	Stavivá	101
866	Technická	100
867	Bočná	100
868	Vihorlatská	100
869	Mierová kolónia	100
870	Na pantoch	101
871	OU železničné	101
872	OU obchodné	101
873	Rybničná	101
874	Trávna	101
875	Dvory	100
876	ŽST Petržalka	100
877	Jiráskova	100
878	Smolenická	100
879	Lúky II	100
880	Budatínska	100
881	Lúčanka	100
882	Ľubovnianska	100
883	Nemocnica Antolská	100
884	Antolská	100
885	Letisko	101
886	Fatruny	101
887	Pestovateľská	101
888	Avion-IKEA	101
889	Avion Shopping Park	101
890	Galvaniho	100
891	Big Media-Slowackého	100
892	Stará Ivanská	100
893	Šprinclov majer	101
894	Vojenský útvar	101
895	Koniarkova	101
896	Osloboditeľská	101
897	ZIPP	101
898	Stará Vajnorská	101
899	Pri zvonici	100
900	Slovnaftská	101
901	Podzáhradná	101
902	Drieňová	100
903	Bratislavská župa	100
904	Solivarská	100
905	DK Ružinov	100
906	Nevädzová-OC Retro	100
907	Mierová	100
908	Krásna	100
909	Syslia	100
910	ŽST ÚNS	100
911	Domkárska	100
912	Váhostav	101
913	Vrakuňa-záhrady	101
914	Majerská	101
915	Šípová	101
916	Železničná	101
917	Žitavská	101
918	Bodrocká	101
919	Korytnická	101
920	Nákupná	101
921	Učiteľská	101
922	MiÚ P. Biskupice	101
923	Devätinová	101
924	Vinohradnícka	101
925	Holíčska	100
926	Švabinského	100
927	Markova	100
928	Romanova	100
929	Hrobákova	100
930	Starohájska	100
931	Lachova	100
932	Šustekova	100
933	Bulíkova	100
934	Ekonomická univerzita	100
935	Prístavná	100
936	Pharos	101
937	Prístavný most	100
938	Lúčna	100
939	Pálenisko	100
940	Terminál	100
941	Čierny les	100
942	Vlčie hrdlo	100
943	Refinery Gallery	101
944	Závodná	101
945	Ulica svornosti	101
946	Šikmá	101
947	Nemocnica P. Biskupice	101
948	Ul. 8. mája	101
949	ŽST P. Biskupice	101
950	Hubeného	101
951	Kadnárova	101
952	Spaľovňa	100
953	ČOV Vlčie hrdlo	100
954	Vodostav	100
955	Micherov majer	100
956	Vlčie hrdlo-záhrady	100
957	Vlčie hrdlo-sídlisko	100
958	Stavbárska	101
959	Estónska	101
960	Šíravská	101
961	Mlynské nivy	100
962	Podunajská	101
963	Petőfiho	101
964	Lieskovská cesta	101
965	PD P. Biskupice	101
966	Jánske hony	101
967	Plniareň plynu	101
968	Lieskovec	101
969	Ketelec	101
970	Topoľové	101
971	Einsteinova	100
972	Kremnická	100
973	Záporožská	100
974	Údernícka-Kúpalisko	100
975	Dargovská	100
976	Cintorín Petržalka	100
977	Kopčianska-stred	100
978	Kopčany-sídlisko	100
979	Kopčianska	100
980	Kopčany	100
981	Výstavisko	100
982	Viedenská cesta	100
983	Viedenská električka	100
984	Sad Janka Kráľa	100
985	Technopol	100
986	Bradáčova	100
987	Nám. hraničiarov	100
988	Jungmannova	100
989	Hálova	100
990	Dubová	100
991	Ovsište	100
992	Ovsištské nám.	100
993	Bosákova	100
994	Mlynarovičova	100
995	Farského	100
996	Prístav	100
997	Plynárenská	100
998	Betliarska	100
999	Vozovňa Petržalka	100
1000	Gercenova	100
1001	Žehrianska	100
1002	Slnečnice	100
1003	Jarovce-záhrady	101
1004	Strelnica	101
1005	Píla	101
1006	Jarovce	101
1007	Sady	101
1008	Kovácsova	101
1009	Vývojová	101
1010	Gerulata	101
1011	Kaštieľ Rusovce	101
1012	ŽST Rusovce	101
1013	Gaštanová aleja	101
1014	Pieskový hon	101
1015	Čunovské jazerá	101
1016	Schengenská	101
1017	Čunovo-záhrady	101
1018	Čunovo-priehrada	101
1019	Areál vodných športov	101
1020	Kolmá	100
1021	Nákupná zóna Lúky	100
1022	Jasovská	100
1023	MiÚ Čunovo	101
1024	Čunovo-námestie	101
1025	Čunovo	101
1026	Topoľčianska	100
1027	Šintavská	100
1028	Strečnianska	100
1029	Bzovícka	100
1030	Rusovská cesta	100
1031	VŠ Manažmentu	100
1032	ZŠ Budatínska	100
1033	Lúky V	100
1034	Vyšehradská	100
1035	Nám. Ľ. Štúra	100
1036	Muchovo nám.	100
1037	Prokofievova	100
1038	Cesta na letisko	101
1039	Znievska	100
1040	Tupolevova	100
1041	Malý Draždiak	100
1042	Starý háj	100
1043	Pod Zečákom	101
1044	Hlavná stanica	\N
1045	Internáty B	100
1046	Konvalinková	100
1047	Vretenová	100
1048	Na Sitine	100
1049	Nad vinicami	100
1050	Nad internátmi	100
1051	Grunty	100
1052	Panoráma	100
1053	Hlavná stanica	\N
1054	Stará vinárska	100
1055	Slavín	100
1056	Kalvária	100
1057	Havlíčkova	100
1058	Mišíkova	100
1059	Donovalova	100
1060	Sliačska	100
1061	Briežky	100
1062	Krahulčia	100
1063	Lopenícka	100
1064	Pri mlyne	101
1065	Suché mýto	100
1066	Segnáre-nadchod	101
1067	Lediny	101
1068	Krematórium	101
1069	Čierna Voda, Vajnorská	610
1070	Čierna Voda, Čerešňová	610
1071	Čierna Voda, Na pasienku	610
1072	Čierna Voda, Hornodvorská	610
1073	Čierna Voda, Monar	610
1074	Čierna Voda, Triangel	610
1075	Chorvátsky Grob, Lúčna	525
1076	Chorvátsky Grob, Výhon	525
1077	Chorvátsky Grob, námestie	525
1078	Rajka, Benzinkút	820
1079	Wolfsthal, Bhf, Hauptstrasse 40	921
1080	Hainburg/Donau, Pressburger Reichsstrasse	921
1081	Hainburg/Donau, Hauptplatz	921
1082	Hainburg/Donau, Pfaffenbergweg	921
1083	Hummelova	100
1084	Bukovinská	101
1085	VD Úsvit	100
1086	Pažítková	100
1087	Bratislava-Nové Mesto	100
1088	Bratislava hlavná stanica	100
1089	Zohor	225
1090	Lábske Jazero zastávka	230
1091	Vysoká pri Morave	230
1092	zóna 240	240
1093	Záhorská Ves	250
1094	Bratislava-Vinohrady	100
1095	Bratislava-Rača	101
1096	Bratislava-Vajnory	101
\.


--
-- Name: stops_id_seq; Type: SEQUENCE SET; Schema: public; Owner: postgres
--

SELECT pg_catalog.setval('stops_id_seq', 1096, true);


--
-- Name: connections_pkey; Type: CONSTRAINT; Schema: public; Owner: postgres; Tablespace: 
--

ALTER TABLE ONLY connections
    ADD CONSTRAINT connections_pkey PRIMARY KEY (id);


--
-- Name: stops_pkey; Type: CONSTRAINT; Schema: public; Owner: postgres; Tablespace: 
--

ALTER TABLE ONLY stops
    ADD CONSTRAINT stops_pkey PRIMARY KEY (id);


--
-- Name: connections_end_stop_id_fkey; Type: FK CONSTRAINT; Schema: public; Owner: postgres
--

ALTER TABLE ONLY connections
    ADD CONSTRAINT connections_end_stop_id_fkey FOREIGN KEY (end_stop_id) REFERENCES stops(id);


--
-- Name: connections_start_stop_id_fkey; Type: FK CONSTRAINT; Schema: public; Owner: postgres
--

ALTER TABLE ONLY connections
    ADD CONSTRAINT connections_start_stop_id_fkey FOREIGN KEY (start_stop_id) REFERENCES stops(id);


--
-- Name: public; Type: ACL; Schema: -; Owner: postgres
--

REVOKE ALL ON SCHEMA public FROM PUBLIC;
REVOKE ALL ON SCHEMA public FROM postgres;
GRANT ALL ON SCHEMA public TO postgres;
GRANT ALL ON SCHEMA public TO PUBLIC;


--
-- PostgreSQL database dump complete
--

